,raceId,driverId,grid,position,fastestLapTime,fastestLapSpeed,stop,duration,date,name,year
321,846,20,1,1,76.267,157.656,1,28.536,2011-05-29,Monaco Grand Prix,2011
322,846,4,4,2,76.471,157.236,1,25.352,2011-05-29,Monaco Grand Prix,2011
323,846,4,4,2,76.471,157.236,2,31.382,2011-05-29,Monaco Grand Prix,2011
324,846,18,2,3,76.463,157.252,1,25.28,2011-05-29,Monaco Grand Prix,2011
325,846,18,2,3,76.463,157.252,2,26.421,2011-05-29,Monaco Grand Prix,2011
326,846,18,2,3,76.463,157.252,3,24.67,2011-05-29,Monaco Grand Prix,2011
327,846,17,3,4,76.23400000000001,157.724,1,37.735,2011-05-29,Monaco Grand Prix,2011
328,846,17,3,4,76.23400000000001,157.724,2,26.269,2011-05-29,Monaco Grand Prix,2011
329,846,155,12,5,78.30799999999999,153.547,1,28.642,2011-05-29,Monaco Grand Prix,2011
330,846,1,9,6,77.84700000000001,154.456,1,31.445,2011-05-29,Monaco Grand Prix,2011
331,846,1,9,6,77.84700000000001,154.456,2,19.347,2011-05-29,Monaco Grand Prix,2011
332,846,1,9,6,77.84700000000001,154.456,3,26.977,2011-05-29,Monaco Grand Prix,2011
333,846,16,14,7,78.872,152.449,1,25.037,2011-05-29,Monaco Grand Prix,2011
334,846,16,14,7,78.872,152.449,2,27.879,2011-05-29,Monaco Grand Prix,2011
335,846,2,15,8,77.857,154.436,1,25.851,2011-05-29,Monaco Grand Prix,2011
336,846,2,15,8,77.857,154.436,2,26.281,2011-05-29,Monaco Grand Prix,2011
337,846,22,11,9,78.584,153.008,1,25.921,2011-05-29,Monaco Grand Prix,2011
338,846,22,11,9,78.584,153.008,2,25.675,2011-05-29,Monaco Grand Prix,2011
339,846,67,16,10,78.832,152.526,1,26.073,2011-05-29,Monaco Grand Prix,2011
340,846,67,16,10,78.832,152.526,2,25.045,2011-05-29,Monaco Grand Prix,2011
341,846,3,7,11,78.699,152.784,1,25.189,2011-05-29,Monaco Grand Prix,2011
342,846,3,7,11,78.699,152.784,2,25.31,2011-05-29,Monaco Grand Prix,2011
343,846,3,7,11,78.699,152.784,3,25.116,2011-05-29,Monaco Grand Prix,2011
344,846,814,13,12,78.724,152.736,1,24.97,2011-05-29,Monaco Grand Prix,2011
345,846,814,13,12,78.724,152.736,2,19.36,2011-05-29,Monaco Grand Prix,2011
346,846,814,13,12,78.724,152.736,3,47.226,2011-05-29,Monaco Grand Prix,2011
347,846,15,18,13,81.277,147.938,1,25.595,2011-05-29,Monaco Grand Prix,2011
348,846,15,18,13,81.277,147.938,2,26.065,2011-05-29,Monaco Grand Prix,2011
349,846,5,17,14,80.678,149.036,1,26.477,2011-05-29,Monaco Grand Prix,2011
350,846,5,17,14,80.678,149.036,2,25.878,2011-05-29,Monaco Grand Prix,2011
351,846,816,21,15,81.39099999999999,147.731,1,27.577,2011-05-29,Monaco Grand Prix,2011
352,846,816,21,15,81.39099999999999,147.731,2,26.464,2011-05-29,Monaco Grand Prix,2011
353,846,24,23,16,81.566,147.414,1,28.298,2011-05-29,Monaco Grand Prix,2011
354,846,39,22,17,82.731,145.338,1,28.325,2011-05-29,Monaco Grand Prix,2011
355,846,39,22,17,82.731,145.338,2,39.917,2011-05-29,Monaco Grand Prix,2011
356,846,813,8,18,78.904,152.387,1,26.468,2011-05-29,Monaco Grand Prix,2011
357,846,813,8,18,78.904,152.387,2,25.687,2011-05-29,Monaco Grand Prix,2011
1424,865,17,1,1,78.805,152.579,1,25.566,2012-05-27,Monaco Grand Prix,2012
1425,865,3,2,2,78.977,152.246,1,24.874,2012-05-27,Monaco Grand Prix,2012
1426,865,4,5,3,78.857,152.478,1,25.22,2012-05-27,Monaco Grand Prix,2012
1427,865,20,9,4,79.076,152.056,1,25.079,2012-05-27,Monaco Grand Prix,2012
1428,865,1,3,5,78.806,152.577,1,25.748,2012-05-27,Monaco Grand Prix,2012
1429,865,13,7,6,79.101,152.008,1,24.993,2012-05-27,Monaco Grand Prix,2012
1430,865,814,14,7,79.757,150.757,1,25.642,2012-05-27,Monaco Grand Prix,2012
1431,865,807,10,8,78.423,153.322,1,26.447,2012-05-27,Monaco Grand Prix,2012
1432,865,8,8,9,79.246,151.73,1,26.38,2012-05-27,Monaco Grand Prix,2012
1433,865,811,13,10,79.187,151.843,1,26.41,2012-05-27,Monaco Grand Prix,2012
1434,865,815,23,11,77.29599999999999,155.557,1,25.666,2012-05-27,Monaco Grand Prix,2012
1435,865,815,23,11,77.29599999999999,155.557,2,19.677,2012-05-27,Monaco Grand Prix,2012
1436,865,818,16,12,79.013,152.177,1,26.063,2012-05-27,Monaco Grand Prix,2012
1437,865,818,16,12,79.013,152.177,2,26.157,2012-05-27,Monaco Grand Prix,2012
1438,865,5,17,13,79.305,151.617,1,26.066,2012-05-27,Monaco Grand Prix,2012
1439,865,5,17,13,79.305,151.617,2,31.293,2012-05-27,Monaco Grand Prix,2012
1440,865,10,19,14,79.637,150.985,1,25.567,2012-05-27,Monaco Grand Prix,2012
1441,865,10,19,14,79.637,150.985,2,36.503,2012-05-27,Monaco Grand Prix,2012
1442,865,39,22,15,80.286,149.764,1,27.306,2012-05-27,Monaco Grand Prix,2012
1443,865,39,22,15,80.286,149.764,2,26.973,2012-05-27,Monaco Grand Prix,2012
1444,865,18,12,16,79.923,150.444,1,25.219,2012-05-27,Monaco Grand Prix,2012
2393,885,3,1,1,78.327,153.51,1,25.2,2013-05-26,Monaco Grand Prix,2013
2394,885,20,3,2,76.577,157.018,1,24.375,2013-05-26,Monaco Grand Prix,2013
2395,885,17,4,3,78.262,153.637,1,24.316,2013-05-26,Monaco Grand Prix,2013
2396,885,1,2,4,78.133,153.891,1,24.801,2013-05-26,Monaco Grand Prix,2013
2397,885,16,8,5,78.292,153.578,1,25.274,2013-05-26,Monaco Grand Prix,2013
2398,885,18,9,6,78.72,152.743,1,24.585,2013-05-26,Monaco Grand Prix,2013
2399,885,4,6,7,79.34,151.55,1,24.489,2013-05-26,Monaco Grand Prix,2013
2400,885,818,10,8,79.151,151.912,1,24.827,2013-05-26,Monaco Grand Prix,2013
2401,885,814,17,9,79.215,151.789,1,25.643,2013-05-26,Monaco Grand Prix,2013
2402,885,8,5,10,77.392,155.364,1,24.42,2013-05-26,Monaco Grand Prix,2013
2403,885,8,5,10,77.392,155.364,2,25.125,2013-05-26,Monaco Grand Prix,2013
2404,885,807,11,11,79.85300000000001,150.576,1,24.974,2013-05-26,Monaco Grand Prix,2013
2405,885,822,14,12,80.92099999999999,148.589,1,29.063,2013-05-26,Monaco Grand Prix,2013
2406,885,821,19,13,78.685,152.811,1,25.364,2013-05-26,Monaco Grand Prix,2013
2407,885,821,19,13,78.685,152.811,2,25.926,2013-05-26,Monaco Grand Prix,2013
2408,885,820,22,14,79.01599999999999,152.171,1,25.337,2013-05-26,Monaco Grand Prix,2013
2409,885,820,22,14,79.01599999999999,152.171,2,19.553,2013-05-26,Monaco Grand Prix,2013
2410,885,820,22,14,79.01599999999999,152.171,3,26.198,2013-05-26,Monaco Grand Prix,2013
2411,885,823,15,15,80.494,149.377,1,35.1,2013-05-26,Monaco Grand Prix,2013
2412,885,823,15,15,80.494,149.377,2,25.676,2013-05-26,Monaco Grand Prix,2013
2413,885,823,15,15,80.494,149.377,3,25.862,2013-05-26,Monaco Grand Prix,2013
2414,885,815,7,16,79.53,151.188,1,24.672,2013-05-26,Monaco Grand Prix,2013
3250,905,3,1,1,79.425,151.388,1,24.672,2014-05-25,Monaco Grand Prix,2014
3251,905,1,2,2,79.361,151.51,1,27.509,2014-05-25,Monaco Grand Prix,2014
3252,905,817,3,3,79.252,151.718,1,26.584,2014-05-25,Monaco Grand Prix,2014
3253,905,4,5,4,79.727,150.814,1,26.499,2014-05-25,Monaco Grand Prix,2014
3254,905,807,11,5,80.767,148.872,1,25.714,2014-05-25,Monaco Grand Prix,2014
3255,905,18,12,6,81.047,148.358,1,25.992,2014-05-25,Monaco Grand Prix,2014
3256,905,13,16,7,80.314,149.712,1,24.264,2014-05-25,Monaco Grand Prix,2014
3257,905,154,14,8,80.979,148.482,1,26.312,2014-05-25,Monaco Grand Prix,2014
3258,905,154,14,8,80.979,148.482,2,25.029,2014-05-25,Monaco Grand Prix,2014
3259,905,824,21,9,81.254,147.98,1,32.658,2014-05-25,Monaco Grand Prix,2014
3260,905,825,8,10,80.657,149.075,1,28.943,2014-05-25,Monaco Grand Prix,2014
3261,905,828,22,11,80.911,148.607,1,28.091,2014-05-25,Monaco Grand Prix,2014
3262,905,828,22,11,80.911,148.607,2,25.585,2014-05-25,Monaco Grand Prix,2014
3263,905,8,6,12,78.479,153.212,1,25.282,2014-05-25,Monaco Grand Prix,2014
3264,905,8,6,12,78.479,153.212,2,25.684,2014-05-25,Monaco Grand Prix,2014
3265,905,8,6,12,78.479,153.212,3,31.896,2014-05-25,Monaco Grand Prix,2014
3266,905,155,20,13,82.425,145.878,1,25.421,2014-05-25,Monaco Grand Prix,2014
3267,905,155,20,13,82.425,145.878,2,25.116,2014-05-25,Monaco Grand Prix,2014
3268,905,820,19,14,80.57900000000001,149.22,1,33.074,2014-05-25,Monaco Grand Prix,2014
3269,905,820,19,14,80.57900000000001,149.22,2,37.352,2014-05-25,Monaco Grand Prix,2014
3270,905,820,19,14,80.57900000000001,149.22,3,26.137,2014-05-25,Monaco Grand Prix,2014
4021,931,3,2,1,78.599,152.841,1,24.789,2015-05-24,Monaco Grand Prix,2015
4022,931,20,3,2,78.854,152.347,1,24.851,2015-05-24,Monaco Grand Prix,2015
4023,931,1,1,3,78.676,152.692,1,24.181,2015-05-24,Monaco Grand Prix,2015
4024,931,1,1,3,78.676,152.692,2,25.495,2015-05-24,Monaco Grand Prix,2015
4025,931,826,5,4,79.13,151.815,1,25.119,2015-05-24,Monaco Grand Prix,2015
4026,931,817,4,5,78.063,153.891,1,24.501,2015-05-24,Monaco Grand Prix,2015
4027,931,817,4,5,78.063,153.891,2,24.244,2015-05-24,Monaco Grand Prix,2015
4028,931,8,6,6,79.651,150.822,1,24.177,2015-05-24,Monaco Grand Prix,2015
4029,931,815,7,7,79.657,150.811,1,24.733,2015-05-24,Monaco Grand Prix,2015
4030,931,815,7,7,79.657,150.811,2,25.119,2015-05-24,Monaco Grand Prix,2015
4031,931,18,10,8,79.49,151.128,1,25.062,2015-05-24,Monaco Grand Prix,2015
4032,931,18,10,8,79.49,151.128,2,24.661,2015-05-24,Monaco Grand Prix,2015
4033,931,831,14,9,80.017,150.133,1,25.732,2015-05-24,Monaco Grand Prix,2015
4034,931,831,14,9,80.017,150.133,2,26.42,2015-05-24,Monaco Grand Prix,2015
4035,931,832,0,10,79.816,150.511,1,25.306,2015-05-24,Monaco Grand Prix,2015
4036,931,807,11,11,79.92099999999999,150.313,1,34.773,2015-05-24,Monaco Grand Prix,2015
4037,931,807,11,11,79.92099999999999,150.313,2,24.758,2015-05-24,Monaco Grand Prix,2015
4038,931,154,15,12,80.483,149.263,1,25.077,2015-05-24,Monaco Grand Prix,2015
4039,931,828,17,13,79.285,151.519,1,25.618,2015-05-24,Monaco Grand Prix,2015
4040,931,828,17,13,79.285,151.519,2,25.398,2015-05-24,Monaco Grand Prix,2015
4041,931,828,17,13,79.285,151.519,3,25.234,2015-05-24,Monaco Grand Prix,2015
4042,931,822,16,14,78.944,152.173,1,24.641,2015-05-24,Monaco Grand Prix,2015
4043,931,822,16,14,78.944,152.173,2,24.412,2015-05-24,Monaco Grand Prix,2015
4044,931,13,12,15,79.764,150.609,1,42.934,2015-05-24,Monaco Grand Prix,2015
4045,931,13,12,15,79.764,150.609,2,24.97,2015-05-24,Monaco Grand Prix,2015
4046,931,13,12,15,79.764,150.609,3,24.395,2015-05-24,Monaco Grand Prix,2015
4047,931,833,19,16,81.715,147.013,1,27.554,2015-05-24,Monaco Grand Prix,2015
4048,931,829,18,17,82.693,145.274,1,28.606,2015-05-24,Monaco Grand Prix,2015
4805,953,1,3,1,77.939,154.135,1,26.315,2016-05-29,Monaco Grand Prix,2016
4806,953,817,1,2,78.294,153.437,1,25.054,2016-05-29,Monaco Grand Prix,2016
4807,953,817,1,2,78.294,153.437,2,35.327,2016-05-29,Monaco Grand Prix,2016
4808,953,815,7,3,78.446,153.139,1,25.714,2016-05-29,Monaco Grand Prix,2016
4809,953,815,7,3,78.446,153.139,2,25.608,2016-05-29,Monaco Grand Prix,2016
4810,953,20,4,4,78.005,154.005,1,25.114,2016-05-29,Monaco Grand Prix,2016
4811,953,20,4,4,78.005,154.005,2,25.561,2016-05-29,Monaco Grand Prix,2016
4812,953,4,9,5,79.17,151.739,1,25.512,2016-05-29,Monaco Grand Prix,2016
4813,953,4,9,5,79.17,151.739,2,26.836,2016-05-29,Monaco Grand Prix,2016
4814,953,807,5,6,79.232,151.62,1,25.215,2016-05-29,Monaco Grand Prix,2016
4815,953,807,5,6,79.232,151.62,2,27.064,2016-05-29,Monaco Grand Prix,2016
4816,953,3,2,7,78.763,152.523,1,26.698,2016-05-29,Monaco Grand Prix,2016
4817,953,3,2,7,78.763,152.523,2,27.68,2016-05-29,Monaco Grand Prix,2016
4818,953,832,6,8,78.519,152.997,1,27.738,2016-05-29,Monaco Grand Prix,2016
4819,953,832,6,8,78.519,152.997,2,28.112,2016-05-29,Monaco Grand Prix,2016
4820,953,18,13,9,79.67,150.786,1,25.766,2016-05-29,Monaco Grand Prix,2016
4821,953,18,13,9,79.67,150.786,2,25.45,2016-05-29,Monaco Grand Prix,2016
4822,953,13,14,10,79.213,151.656,1,24.934,2016-05-29,Monaco Grand Prix,2016
4823,953,13,14,10,79.213,151.656,2,25.182,2016-05-29,Monaco Grand Prix,2016
4824,953,821,12,11,79.131,151.814,1,26.044,2016-05-29,Monaco Grand Prix,2016
4825,953,821,12,11,79.131,151.814,2,27.407,2016-05-29,Monaco Grand Prix,2016
4826,953,822,10,12,79.223,151.637,1,27.364,2016-05-29,Monaco Grand Prix,2016
4827,953,822,10,12,79.223,151.637,2,25.478,2016-05-29,Monaco Grand Prix,2016
4828,953,822,10,12,79.223,151.637,3,24.673,2016-05-29,Monaco Grand Prix,2016
4829,953,154,15,13,80.219,149.755,1,33.49,2016-05-29,Monaco Grand Prix,2016
4830,953,154,15,13,80.219,149.755,2,25.111,2016-05-29,Monaco Grand Prix,2016
4831,953,836,20,14,80.372,149.469,1,26.517,2016-05-29,Monaco Grand Prix,2016
4832,953,837,19,15,79.868,150.413,1,29.117,2016-05-29,Monaco Grand Prix,2016
4833,953,837,19,15,79.868,150.413,2,27.38,2016-05-29,Monaco Grand Prix,2016
4834,953,837,19,15,79.868,150.413,3,26.292,2016-05-29,Monaco Grand Prix,2016
5747,974,20,2,1,75.238,159.669,1,24.306,2017-05-28,Monaco Grand Prix,2017
5748,974,8,1,2,75.527,159.058,1,24.833,2017-05-28,Monaco Grand Prix,2017
5749,974,817,5,3,75.756,158.577,1,24.183,2017-05-28,Monaco Grand Prix,2017
5750,974,822,3,4,76.439,157.16,1,24.308,2017-05-28,Monaco Grand Prix,2017
5751,974,830,4,5,76.32900000000001,157.387,1,25.343,2017-05-28,Monaco Grand Prix,2017
5752,974,830,4,5,76.32900000000001,157.387,2,25.678,2017-05-28,Monaco Grand Prix,2017
5753,974,832,6,6,76.649,156.73,1,24.427,2017-05-28,Monaco Grand Prix,2017
5754,974,1,13,7,75.825,158.433,1,24.155,2017-05-28,Monaco Grand Prix,2017
5755,974,154,8,8,77.095,155.823,1,24.66,2017-05-28,Monaco Grand Prix,2017
5756,974,13,14,9,76.543,156.947,1,24.353,2017-05-28,Monaco Grand Prix,2017
5757,974,13,14,9,76.543,156.947,2,25.123,2017-05-28,Monaco Grand Prix,2017
5758,974,825,11,10,76.313,157.42,1,24.979,2017-05-28,Monaco Grand Prix,2017
5759,974,825,11,10,76.313,157.42,2,26.04,2017-05-28,Monaco Grand Prix,2017
5760,974,835,16,11,76.614,156.801,1,25.472,2017-05-28,Monaco Grand Prix,2017
5761,974,839,15,12,76.482,157.072,1,24.299,2017-05-28,Monaco Grand Prix,2017
5762,974,839,15,12,76.482,157.072,2,24.496,2017-05-28,Monaco Grand Prix,2017
5763,974,839,15,12,76.482,157.072,3,24.642,2017-05-28,Monaco Grand Prix,2017
5764,974,815,7,13,74.82,160.561,1,31.313,2017-05-28,Monaco Grand Prix,2017
5765,974,815,7,13,74.82,160.561,2,25.026,2017-05-28,Monaco Grand Prix,2017
5766,974,815,7,13,74.82,160.561,3,35.485,2017-05-28,Monaco Grand Prix,2017
5767,974,826,9,14,76.539,156.955,1,24.406,2017-05-28,Monaco Grand Prix,2017
5768,974,840,17,15,76.075,157.912,1,26.69,2017-05-28,Monaco Grand Prix,2017
5769,974,840,17,15,76.075,157.912,2,25.248,2017-05-28,Monaco Grand Prix,2017
6391,994,817,1,1,75.562,158.984,1,24.542,2018-05-27,Monaco Grand Prix,2018
6392,994,20,2,2,76.065,157.933,1,23.964,2018-05-27,Monaco Grand Prix,2018
6393,994,1,3,3,76.27,157.508,1,23.739,2018-05-27,Monaco Grand Prix,2018
6394,994,8,4,4,76.392,157.257,1,24.263,2018-05-27,Monaco Grand Prix,2018
6395,994,822,5,5,76.312,157.422,1,24.02,2018-05-27,Monaco Grand Prix,2018
6396,994,839,6,6,77.027,155.96,1,24.663,2018-05-27,Monaco Grand Prix,2018
6397,994,842,10,7,77.099,155.815,1,24.296,2018-05-27,Monaco Grand Prix,2018
6398,994,807,11,8,76.061,157.941,1,25.213,2018-05-27,Monaco Grand Prix,2018
6399,994,830,20,9,74.26,161.772,1,24.111,2018-05-27,Monaco Grand Prix,2018
6400,994,832,8,10,77.491,155.027,1,24.874,2018-05-27,Monaco Grand Prix,2018
6401,994,828,16,11,76.936,156.145,1,24.291,2018-05-27,Monaco Grand Prix,2018
6402,994,815,9,12,77.54599999999999,154.917,1,29.379,2018-05-27,Monaco Grand Prix,2018
6403,994,825,19,13,77.476,155.057,1,24.237,2018-05-27,Monaco Grand Prix,2018
6404,994,838,12,14,76.864,156.291,1,26.817,2018-05-27,Monaco Grand Prix,2018
6405,994,838,12,14,76.864,156.291,2,25.438,2018-05-27,Monaco Grand Prix,2018
6406,994,154,18,15,74.822,160.557,1,24.741,2018-05-27,Monaco Grand Prix,2018
6407,994,154,18,15,74.822,160.557,2,24.568,2018-05-27,Monaco Grand Prix,2018
6408,994,845,13,16,75.325,159.484,1,31.81,2018-05-27,Monaco Grand Prix,2018
6409,994,845,13,16,75.325,159.484,2,25.17,2018-05-27,Monaco Grand Prix,2018
6410,994,845,13,16,75.325,159.484,3,25.563,2018-05-27,Monaco Grand Prix,2018
6411,994,840,17,17,74.944,160.295,1,33.887,2018-05-27,Monaco Grand Prix,2018
6412,994,840,17,17,74.944,160.295,2,31.104,2018-05-27,Monaco Grand Prix,2018
6413,994,840,17,17,74.944,160.295,3,24.852,2018-05-27,Monaco Grand Prix,2018
6949,1015,1,1,1,76.167,157.721,1,24.266,2019-05-26,Monaco Grand Prix,2019
6950,1015,20,4,2,76.277,157.494,1,24.483,2019-05-26,Monaco Grand Prix,2019
6951,1015,822,2,3,75.163,159.828,1,25.03,2019-05-26,Monaco Grand Prix,2019
6952,1015,822,2,3,75.163,159.828,2,24.776,2019-05-26,Monaco Grand Prix,2019
6953,1015,830,3,4,76.229,157.593,1,24.011,2019-05-26,Monaco Grand Prix,2019
6954,1015,842,8,5,74.279,161.73,1,24.161,2019-05-26,Monaco Grand Prix,2019
6955,1015,842,8,5,74.279,161.73,2,23.858,2019-05-26,Monaco Grand Prix,2019
6956,1015,832,9,6,75.891,158.295,1,23.795,2019-05-26,Monaco Grand Prix,2019
6957,1015,826,7,7,76.288,157.471,1,24.023,2019-05-26,Monaco Grand Prix,2019
6958,1015,848,10,8,75.607,158.89,1,25.062,2019-05-26,Monaco Grand Prix,2019
6959,1015,817,6,9,75.697,158.701,1,24.269,2019-05-26,Monaco Grand Prix,2019
6960,1015,154,13,10,76.746,156.531,1,24.219,2019-05-26,Monaco Grand Prix,2019
6961,1015,846,12,11,76.413,157.214,1,25.026,2019-05-26,Monaco Grand Prix,2019
6962,1015,825,5,14,76.992,156.031,1,25.419,2019-05-26,Monaco Grand Prix,2019
6963,1015,815,16,12,76.613,156.803,1,28.463,2019-05-26,Monaco Grand Prix,2019
6964,1015,807,11,13,76.276,157.496,1,25.532,2019-05-26,Monaco Grand Prix,2019
6965,1015,847,19,15,77.038,155.938,1,26.165,2019-05-26,Monaco Grand Prix,2019
6966,1015,840,17,16,76.379,157.284,1,24.591,2019-05-26,Monaco Grand Prix,2019
6967,1015,8,14,17,76.436,157.166,1,26.299,2019-05-26,Monaco Grand Prix,2019
6968,1015,9,20,18,77.388,155.233,1,23.946,2019-05-26,Monaco Grand Prix,2019
6969,1015,841,18,19,76.299,157.448,1,35.651,2019-05-26,Monaco Grand Prix,2019
8224,1056,832,4,2,74.621,160.989,1,24.15,2021-05-23,Monaco Grand Prix,2021
8225,1056,830,2,1,74.649,160.929,1,23.746,2021-05-23,Monaco Grand Prix,2021
8226,1056,846,5,3,74.67,160.883,1,23.874,2021-05-23,Monaco Grand Prix,2021
8227,1056,815,9,4,74.55199999999999,161.138,1,24.548,2021-05-23,Monaco Grand Prix,2021
8228,1056,20,8,5,75.316,159.503,1,24.369,2021-05-23,Monaco Grand Prix,2021
8229,1056,842,6,6,75.412,159.3,1,24.428,2021-05-23,Monaco Grand Prix,2021
8230,1056,1,7,7,72.909,164.769,1,23.783,2021-05-23,Monaco Grand Prix,2021
8231,1056,1,7,7,72.909,164.769,2,24.244,2021-05-23,Monaco Grand Prix,2021
8232,1056,840,13,8,74.674,160.875,1,23.474,2021-05-23,Monaco Grand Prix,2021
8233,1056,839,11,9,75.316,159.503,1,23.935,2021-05-23,Monaco Grand Prix,2021
8234,1056,841,10,10,75.331,159.472,1,24.521,2021-05-23,Monaco Grand Prix,2021
8235,1056,8,14,11,74.971,160.237,1,24.077,2021-05-23,Monaco Grand Prix,2021
8236,1056,817,12,12,74.578,161.082,1,24.715,2021-05-23,Monaco Grand Prix,2021
8237,1056,4,17,13,75.026,160.12,1,23.803,2021-05-23,Monaco Grand Prix,2021
8238,1056,847,15,14,75.539,159.033,1,23.928,2021-05-23,Monaco Grand Prix,2021
8239,1056,849,18,15,75.57300000000001,158.961,1,23.703,2021-05-23,Monaco Grand Prix,2021
8240,1056,852,16,16,74.037,162.259,1,24.43,2021-05-23,Monaco Grand Prix,2021
8241,1056,853,19,17,76.866,156.287,1,25.202,2021-05-23,Monaco Grand Prix,2021
8242,1056,854,20,18,76.425,157.189,1,24.797,2021-05-23,Monaco Grand Prix,2021
9031,1080,815,3,1,76.02799999999999,158.01,1,24.409,2022-05-29,Monaco Grand Prix,2022
9032,1080,815,3,1,76.02799999999999,158.01,2,24.536,2022-05-29,Monaco Grand Prix,2022
9033,1080,815,3,1,76.02799999999999,158.01,3,1172.062,2022-05-29,Monaco Grand Prix,2022
9034,1080,832,2,2,76.42099999999999,157.197,1,24.666,2022-05-29,Monaco Grand Prix,2022
9035,1080,832,2,2,76.42099999999999,157.197,2,1174.793,2022-05-29,Monaco Grand Prix,2022
9036,1080,830,4,3,76.05199999999999,157.96,1,27.009,2022-05-29,Monaco Grand Prix,2022
9037,1080,830,4,3,76.05199999999999,157.96,2,26.93,2022-05-29,Monaco Grand Prix,2022
9038,1080,830,4,3,76.05199999999999,157.96,3,1175.575,2022-05-29,Monaco Grand Prix,2022
9039,1080,844,1,4,76.249,157.552,1,25.71,2022-05-29,Monaco Grand Prix,2022
9040,1080,844,1,4,76.249,157.552,2,28.034,2022-05-29,Monaco Grand Prix,2022
9041,1080,844,1,4,76.249,157.552,3,1176.8220000000001,2022-05-29,Monaco Grand Prix,2022
9042,1080,847,6,5,76.83,156.36,1,25.352,2022-05-29,Monaco Grand Prix,2022
9043,1080,847,6,5,76.83,156.36,2,1177.545,2022-05-29,Monaco Grand Prix,2022
9044,1080,846,5,6,74.693,160.834,1,24.872,2022-05-29,Monaco Grand Prix,2022
9045,1080,846,5,6,74.693,160.834,2,24.76,2022-05-29,Monaco Grand Prix,2022
9046,1080,846,5,6,74.693,160.834,3,1183.029,2022-05-29,Monaco Grand Prix,2022
9047,1080,846,5,6,74.693,160.834,4,24.607,2022-05-29,Monaco Grand Prix,2022
9048,1080,4,7,7,75.882,158.314,1,24.526,2022-05-29,Monaco Grand Prix,2022
9049,1080,4,7,7,75.882,158.314,2,1182.058,2022-05-29,Monaco Grand Prix,2022
9050,1080,1,8,8,77.203,155.605,1,24.796,2022-05-29,Monaco Grand Prix,2022
9051,1080,1,8,8,77.203,155.605,2,24.507,2022-05-29,Monaco Grand Prix,2022
9052,1080,1,8,8,77.203,155.605,3,1186.281,2022-05-29,Monaco Grand Prix,2022
9053,1080,822,12,9,77.6,154.809,1,25.865,2022-05-29,Monaco Grand Prix,2022
9054,1080,822,12,9,77.6,154.809,2,1186.699,2022-05-29,Monaco Grand Prix,2022
9055,1080,20,9,10,77.55799999999999,154.893,1,24.965,2022-05-29,Monaco Grand Prix,2022
9056,1080,20,9,10,77.55799999999999,154.893,2,25.133,2022-05-29,Monaco Grand Prix,2022
9057,1080,20,9,10,77.55799999999999,154.893,3,1169.495,2022-05-29,Monaco Grand Prix,2022
9058,1080,842,17,11,77.344,155.321,1,35.486,2022-05-29,Monaco Grand Prix,2022
9059,1080,842,17,11,77.344,155.321,2,28.77,2022-05-29,Monaco Grand Prix,2022
9060,1080,842,17,11,77.344,155.321,3,1169.46,2022-05-29,Monaco Grand Prix,2022
9061,1080,839,10,12,77.571,154.867,1,24.875,2022-05-29,Monaco Grand Prix,2022
9062,1080,839,10,12,77.571,154.867,2,1186.485,2022-05-29,Monaco Grand Prix,2022
9063,1080,817,14,13,77.532,154.945,1,26.056,2022-05-29,Monaco Grand Prix,2022
9064,1080,817,14,13,77.532,154.945,2,1168.673,2022-05-29,Monaco Grand Prix,2022
9065,1080,840,18,14,77.672,154.665,1,26.731,2022-05-29,Monaco Grand Prix,2022
9066,1080,840,18,14,77.672,154.665,2,32.75,2022-05-29,Monaco Grand Prix,2022
9067,1080,840,18,14,77.672,154.665,3,25.65,2022-05-29,Monaco Grand Prix,2022
9068,1080,840,18,14,77.672,154.665,4,1174.965,2022-05-29,Monaco Grand Prix,2022
9069,1080,849,19,15,78.57900000000001,152.88,1,36.773,2022-05-29,Monaco Grand Prix,2022
9070,1080,849,19,15,78.57900000000001,152.88,2,36.351,2022-05-29,Monaco Grand Prix,2022
9071,1080,849,19,15,78.57900000000001,152.88,3,26.91,2022-05-29,Monaco Grand Prix,2022
9072,1080,849,19,15,78.57900000000001,152.88,4,1181.839,2022-05-29,Monaco Grand Prix,2022
9073,1080,855,20,16,78.2,153.621,1,25.594,2022-05-29,Monaco Grand Prix,2022
9074,1080,855,20,16,78.2,153.621,2,1174.235,2022-05-29,Monaco Grand Prix,2022
9075,1080,852,11,17,75.334,159.465,1,25.068,2022-05-29,Monaco Grand Prix,2022
9076,1080,852,11,17,75.334,159.465,2,26.021,2022-05-29,Monaco Grand Prix,2022
9077,1080,852,11,17,75.334,159.465,3,1174.444,2022-05-29,Monaco Grand Prix,2022
9078,1080,852,11,17,75.334,159.465,4,25.266,2022-05-29,Monaco Grand Prix,2022
9816,1104,830,1,1,76.604,156.822,1,24.798,2023-05-28,Monaco Grand Prix,2023
9817,1104,4,2,2,76.674,156.678,1,24.414,2023-05-28,Monaco Grand Prix,2023
9818,1104,4,2,2,76.674,156.678,2,25.916,2023-05-28,Monaco Grand Prix,2023
9819,1104,839,3,3,76.52799999999999,156.977,1,25.833,2023-05-28,Monaco Grand Prix,2023
9820,1104,839,3,3,76.52799999999999,156.977,2,24.707,2023-05-28,Monaco Grand Prix,2023
9821,1104,1,5,4,75.65,158.799,1,24.594,2023-05-28,Monaco Grand Prix,2023
9822,1104,1,5,4,75.65,158.799,2,26.685,2023-05-28,Monaco Grand Prix,2023
9823,1104,847,8,5,76.798,156.425,1,30.98,2023-05-28,Monaco Grand Prix,2023
9824,1104,844,6,6,75.773,158.541,1,24.192,2023-05-28,Monaco Grand Prix,2023
9825,1104,844,6,6,75.773,158.541,2,25.713,2023-05-28,Monaco Grand Prix,2023
9826,1104,842,7,7,75.831,158.42,1,23.902,2023-05-28,Monaco Grand Prix,2023
9827,1104,842,7,7,75.831,158.42,2,29.949,2023-05-28,Monaco Grand Prix,2023
9828,1104,832,4,8,76.449,157.14,1,24.252,2023-05-28,Monaco Grand Prix,2023
9829,1104,832,4,8,76.449,157.14,2,29.3,2023-05-28,Monaco Grand Prix,2023
9830,1104,846,10,9,77.844,154.324,1,24.663,2023-05-28,Monaco Grand Prix,2023
9831,1104,846,10,9,77.844,154.324,2,33.428,2023-05-28,Monaco Grand Prix,2023
9832,1104,857,11,10,77.513,154.983,1,25.851,2023-05-28,Monaco Grand Prix,2023
9833,1104,822,15,11,77.824,154.363,1,30.395,2023-05-28,Monaco Grand Prix,2023
9834,1104,856,12,12,77.561,154.887,1,24.539,2023-05-28,Monaco Grand Prix,2023
9835,1104,855,19,13,76.926,156.165,1,26.141,2023-05-28,Monaco Grand Prix,2023
9836,1104,855,19,13,76.926,156.165,2,25.26,2023-05-28,Monaco Grand Prix,2023
9837,1104,848,13,14,76.672,156.683,1,24.29,2023-05-28,Monaco Grand Prix,2023
9838,1104,848,13,14,76.672,156.683,2,26.99,2023-05-28,Monaco Grand Prix,2023
9839,1104,852,9,15,77.68,154.649,1,33.706,2023-05-28,Monaco Grand Prix,2023
9840,1104,815,20,16,76.269,157.51,1,24.887,2023-05-28,Monaco Grand Prix,2023
9841,1104,815,20,16,76.269,157.51,2,32.749,2023-05-28,Monaco Grand Prix,2023
9842,1104,815,20,16,76.269,157.51,3,24.217,2023-05-28,Monaco Grand Prix,2023
9843,1104,815,20,16,76.269,157.51,4,29.337,2023-05-28,Monaco Grand Prix,2023
9844,1104,815,20,16,76.269,157.51,5,25.466,2023-05-28,Monaco Grand Prix,2023
9845,1104,807,18,17,76.991,156.033,1,32.494,2023-05-28,Monaco Grand Prix,2023
9846,1104,807,18,17,76.991,156.033,2,34.725,2023-05-28,Monaco Grand Prix,2023
9847,1104,807,18,17,76.991,156.033,3,25.672,2023-05-28,Monaco Grand Prix,2023
9848,1104,858,16,18,77.30199999999999,155.406,1,24.376,2023-05-28,Monaco Grand Prix,2023
9849,1104,858,16,18,77.30199999999999,155.406,2,27.774,2023-05-28,Monaco Grand Prix,2023
9850,1104,858,16,18,77.30199999999999,155.406,3,25.946,2023-05-28,Monaco Grand Prix,2023
